Source,Target,Weight
AE,AU,5
AE,CA,5
AE,GB,4
AE,IN,1
AE,IR,2
AE,JO,1
AE,LB,1
AE,MY,3
AE,NG,1
AE,OM,1
AE,SA,4
AE,SE,2
AE,US,13
AF,FR,1
AF,PK,1
AF,US,2
AL,AT,1
AL,IT,4
AL,US,1
AM,RU,17
AO,PT,5
AR,BE,4
AR,BR,38
AR,CA,19
AR,CH,7
AR,CL,16
AR,CO,13
AR,CR,1
AR,DE,14
AR,DO,1
AR,EC,3
AR,ES,85
AR,FR,16
AR,GB,18
AR,IT,12
AR,JP,1
AR,MX,13
AR,NZ,3
AR,PE,4
AR,PT,9
AR,SE,6
AR,US,117
AR,UY,3
AT,AL,1
AT,AU,25
AT,BA,2
AT,BD,1
AT,BE,4
AT,BR,6
AT,CA,7
AT,CH,36
AT,CN,3
AT,CZ,5
AT,DE,99
AT,DK,20
AT,EG,2
AT,ES,18
AT,FI,2
AT,FR,6
AT,GB,62
AT,HK,2
AT,HR,2
AT,HU,5
AT,IE,7
AT,IR,4
AT,IS,1
AT,IT,17
AT,JP,1
AT,KR,2
AT,LU,1
AT,MX,2
AT,NL,9
AT,NO,4
AT,NZ,6
AT,PK,17
AT,PL,1
AT,PT,2
AT,RO,1
AT,RU,3
AT,SE,26
AT,SG,2
AT,SI,3
AT,SK,1
AT,TR,1
AT,UA,2
AT,US,68
AT,VN,1
AT,ZA,2
AU,AE,18
AU,AT,6
AU,BD,8
AU,BE,7
AU,BR,13
AU,BT,5
AU,CA,55
AU,CH,22
AU,CL,5
AU,CN,66
AU,CO,3
AU,CR,1
AU,DE,39
AU,DK,23
AU,EC,4
AU,EE,2
AU,EG,1
AU,ES,17
AU,FI,7
AU,FJ,2
AU,FR,20
AU,GB,320
AU,GH,1
AU,HK,19
AU,HR,1
AU,HU,1
AU,ID,30
AU,IE,12
AU,IL,1
AU,IN,13
AU,IR,32
AU,IS,1
AU,IT,11
AU,JO,9
AU,JP,12
AU,KE,1
AU,KR,14
AU,KW,3
AU,KZ,1
AU,LB,4
AU,LK,6
AU,MM,1
AU,MX,4
AU,MY,72
AU,NL,18
AU,NO,4
AU,NP,1
AU,NZ,83
AU,OM,2
AU,PG,3
AU,PH,8
AU,PK,7
AU,PL,2
AU,PS,1
AU,PT,1
AU,SA,15
AU,SE,44
AU,SG,48
AU,SL,1
AU,TH,18
AU,TR,5
AU,TW,14
AU,TZ,1
AU,UG,1
AU,US,282
AU,VN,8
AU,ZA,13
AZ,GB,4
AZ,RU,5
AZ,TR,7
AZ,US,3
BA,AT,1
BA,GB,3
BA,HR,2
BA,IT,2
BA,RS,4
BA,TR,4
BA,US,3
BB,CA,1
BB,GB,4
BD,AT,1
BD,AU,99
BD,BE,2
BD,CA,33
BD,CH,1
BD,CN,16
BD,DE,12
BD,FI,6
BD,FR,4
BD,GB,43
BD,ID,1
BD,IN,3
BD,IT,7
BD,JP,26
BD,KR,35
BD,MY,66
BD,NL,5
BD,NO,1
BD,PK,2
BD,RU,1
BD,SA,8
BD,SE,17
BD,SG,3
BD,TH,5
BD,US,116
BE,AR,1
BE,AT,5
BE,AU,33
BE,BD,4
BE,BJ,2
BE,BR,11
BE,CA,20
BE,CH,32
BE,CL,8
BE,CM,1
BE,CN,17
BE,CO,2
BE,DE,24
BE,DK,3
BE,EC,7
BE,EG,3
BE,ES,21
BE,ET,4
BE,FI,8
BE,FR,66
BE,GB,84
BE,GH,2
BE,HK,1
BE,HU,1
BE,ID,1
BE,IE,7
BE,IN,5
BE,IR,2
BE,IT,21
BE,JO,4
BE,JP,1
BE,KR,1
BE,LB,3
BE,LK,1
BE,MA,1
BE,MK,1
BE,MX,4
BE,MY,1
BE,NL,46
BE,NO,8
BE,PE,1
BE,PH,3
BE,PT,16
BE,QA,4
BE,RU,2
BE,RW,2
BE,SE,13
BE,TR,1
BE,TW,4
BE,TZ,1
BE,UG,4
BE,US,91
BE,VN,3
BF,FR,1
BF,NE,1
BF,TG,1
BF,US,1
BG,CZ,1
BG,DE,9
BG,FR,4
BG,IT,7
BG,PT,7
BG,TW,1
BG,US,22
BH,GB,1
BH,IQ,1
BH,SA,1
BH,US,1
BJ,BE,1
BJ,CI,1
BJ,CM,2
BJ,FR,2
BM,GB,1
BN,GB,3
BO,BR,5
BO,CO,2
BO,ES,4
BO,FR,1
BO,SE,4
BO,US,3
BR,AR,19
BR,AT,6
BR,AU,54
BR,BE,17
BR,BO,1
BR,CA,75
BR,CH,18
BR,CL,21
BR,CN,1
BR,CO,33
BR,CR,2
BR,CZ,2
BR,DE,58
BR,DK,29
BR,EC,8
BR,ES,71
BR,FR,52
BR,GB,120
BR,HU,1
BR,IE,16
BR,IN,1
BR,IT,27
BR,JP,6
BR,KR,2
BR,MX,8
BR,MZ,2
BR,NL,22
BR,NZ,9
BR,PE,8
BR,PK,1
BR,PL,2
BR,PT,234
BR,PY,5
BR,RU,1
BR,SE,20
BR,US,355
BR,VE,2
BS,US,1
BT,AU,1
BT,IN,1
BT,NL,1
BW,CD,1
BW,KE,2
BW,US,2
BW,ZA,2
BW,ZM,1
BW,ZW,2
BY,RU,18
BY,UA,6
CA,AE,27
CA,AR,7
CA,AT,20
CA,AU,197
CA,BB,1
CA,BD,7
CA,BE,11
CA,BR,21
CA,CH,34
CA,CL,7
CA,CN,69
CA,CO,11
CA,CU,1
CA,CZ,2
CA,DE,43
CA,DK,24
CA,EC,1
CA,EE,1
CA,EG,23
CA,ES,21
CA,ET,3
CA,FI,8
CA,FR,60
CA,GB,321
CA,GH,4
CA,GR,4
CA,HK,21
CA,HU,4
CA,IE,20
CA,IL,12
CA,IN,11
CA,IR,27
CA,IS,4
CA,IT,22
CA,JO,5
CA,JP,15
CA,KE,7
CA,KR,28
CA,KW,12
CA,KZ,1
CA,LB,5
CA,MA,3
CA,MX,19
CA,MY,9
CA,NG,1
CA,NL,27
CA,NO,10
CA,NZ,39
CA,PA,1
CA,PH,1
CA,PK,5
CA,PL,2
CA,PR,1
CA,PS,1
CA,PT,11
CA,QA,38
CA,RU,2
CA,RW,2
CA,SA,46
CA,SE,50
CA,SG,13
CA,TH,3
CA,TN,7
CA,TR,8
CA,TT,1
CA,TW,10
CA,US,1217
CA,VE,2
CA,VN,1
CA,ZA,16
CD,BW,1
CD,ES,1
CD,IN,1
CD,JP,1
CD,PT,1
CG,FR,1
CH,AR,1
CH,AT,25
CH,AU,45
CH,BD,1
CH,BE,7
CH,BR,8
CH,CA,34
CH,CL,2
CH,CN,7
CH,CO,5
CH,DE,84
CH,DK,18
CH,EE,1
CH,EG,4
CH,ES,17
CH,FI,6
CH,FR,56
CH,GB,95
CH,GH,1
CH,GR,2
CH,IL,3
CH,IN,4
CH,IR,2
CH,IT,38
CH,JP,2
CH,KE,2
CH,KR,2
CH,LV,1
CH,MX,1
CH,NL,18
CH,NO,11
CH,NZ,4
CH,PL,1
CH,PT,11
CH,RU,2
CH,SE,28
CH,SG,11
CH,US,145
CH,ZA,2
CI,BJ,1
CI,FR,2
CI,TG,1
CL,AR,5
CL,AU,23
CL,BE,6
CL,BR,18
CL,CA,11
CL,CH,7
CL,CN,2
CL,CO,12
CL,DE,10
CL,EC,11
CL,ES,52
CL,FR,13
CL,GB,34
CL,IN,2
CL,IT,4
CL,JP,1
CL,MX,5
CL,NL,6
CL,NZ,1
CL,PE,4
CL,PT,3
CL,SE,5
CL,US,63
CL,UY,2
CM,BE,3
CM,BJ,1
CM,DE,1
CM,ES,2
CM,FR,3
CM,GB,6
CM,NG,1
CM,SE,1
CM,UG,1
CM,US,10
CN,AT,19
CN,AU,504
CN,BD,2
CN,BE,39
CN,BR,6
CN,CA,268
CN,CH,56
CN,CL,2
CN,CZ,8
CN,DE,212
CN,DK,124
CN,DZ,2
CN,EG,2
CN,ES,37
CN,ET,1
CN,FI,26
CN,FR,74
CN,GB,531
CN,GH,1
CN,GR,1
CN,HK,287
CN,IE,40
CN,IL,9
CN,IN,6
CN,IT,19
CN,JP,167
CN,KE,2
CN,KR,46
CN,KZ,1
CN,MO,14
CN,MY,8
CN,NG,1
CN,NL,101
CN,NO,26
CN,NP,10
CN,NZ,49
CN,PH,3
CN,PK,34
CN,PT,26
CN,RO,1
CN,RW,1
CN,SD,1
CN,SE,139
CN,SG,246
CN,SL,1
CN,TH,2
CN,TW,17
CN,UG,1
CN,US,3904
CN,YE,1
CN,ZA,4
CO,AR,40
CO,AU,28
CO,BE,8
CO,BO,1
CO,BR,138
CO,CA,29
CO,CH,9
CO,CL,32
CO,CR,4
CO,CU,1
CO,DE,28
CO,DK,6
CO,EC,7
CO,ES,163
CO,FI,4
CO,FR,27
CO,GB,38
CO,GT,1
CO,HN,1
CO,IE,1
CO,IL,2
CO,IT,14
CO,JP,3
CO,MX,73
CO,NL,15
CO,NO,2
CO,PA,3
CO,PE,2
CO,PR,8
CO,PT,11
CO,RO,1
CO,SE,21
CO,US,188
CO,UY,2
CO,VE,9
CR,AR,1
CR,AU,1
CR,BR,3
CR,CO,7
CR,DE,4
CR,ES,7
CR,FR,1
CR,GB,1
CR,MX,3
CR,NL,1
CR,PE,1
CR,US,20
CU,CA,9
CU,CO,21
CU,EC,63
CU,ES,74
CU,PE,2
CU,RU,1
CV,PT,2
CY,DE,1
CY,ES,1
CY,FR,1
CY,GB,14
CY,GR,3
CY,IQ,1
CY,IT,1
CY,SE,1
CY,TR,5
CY,US,2
CZ,AT,9
CZ,BG,3
CZ,BR,1
CZ,CA,6
CZ,CN,1
CZ,DE,18
CZ,DK,3
CZ,EG,2
CZ,ES,7
CZ,FI,3
CZ,FR,8
CZ,GB,14
CZ,GR,4
CZ,HU,3
CZ,IE,7
CZ,IN,4
CZ,IT,3
CZ,JP,1
CZ,MX,1
CZ,NL,3
CZ,PL,1
CZ,PT,6
CZ,RU,4
CZ,SE,17
CZ,SK,10
CZ,TW,2
CZ,US,27
CZ,ZA,1
DE,AR,4
DE,AT,206
DE,AU,173
DE,BD,5
DE,BE,33
DE,BG,5
DE,BR,36
DE,CA,72
DE,CH,304
DE,CL,19
DE,CM,2
DE,CN,60
DE,CO,26
DE,CR,6
DE,CY,5
DE,CZ,10
DE,DK,141
DE,EC,10
DE,EE,3
DE,EG,25
DE,ES,100
DE,ET,7
DE,FI,28
DE,FR,110
DE,GB,479
DE,GH,4
DE,GR,6
DE,HK,5
DE,HR,2
DE,HU,5
DE,ID,11
DE,IE,35
DE,IL,8
DE,IN,38
DE,IQ,3
DE,IR,5
DE,IT,84
DE,JO,19
DE,JP,31
DE,KE,5
DE,KR,24
DE,KZ,2
DE,LB,2
DE,LK,2
DE,LU,18
DE,LV,1
DE,MT,1
DE,MX,20
DE,MY,14
DE,NG,3
DE,NL,90
DE,NO,53
DE,NP,1
DE,NZ,41
DE,PE,3
DE,PK,14
DE,PL,9
DE,PS,1
DE,PT,43
DE,PY,1
DE,RO,1
DE,RS,2
DE,RU,12
DE,SE,170
DE,SG,22
DE,SI,1
DE,SK,4
DE,TH,10
DE,TN,1
DE,TR,13
DE,TW,14
DE,UA,3
DE,UG,1
DE,US,570
DE,VE,1
DE,VN,6
DE,YE,1
DE,ZA,18
DK,AT,5
DK,AU,15
DK,BE,1
DK,BR,2
DK,CA,7
DK,CH,11
DK,CN,5
DK,CO,1
DK,CZ,1
DK,DE,23
DK,EE,1
DK,ES,12
DK,ET,1
DK,FI,5
DK,FO,3
DK,FR,6
DK,GB,62
DK,HK,1
DK,IE,5
DK,IL,1
DK,IN,3
DK,IR,3
DK,IS,9
DK,IT,5
DK,JP,4
DK,LB,1
DK,LV,1
DK,MY,2
DK,NL,4
DK,NO,25
DK,NP,1
DK,NZ,3
DK,PK,1
DK,PT,5
DK,SE,53
DK,SG,4
DK,TH,1
DK,TR,1
DK,TZ,1
DK,US,75
DK,ZA,2
DO,AR,1
DO,ES,11
DO,US,11
DZ,CN,3
DZ,FR,19
DZ,GB,5
DZ,MY,9
DZ,US,4
EC,AR,6
EC,AU,4
EC,BE,1
EC,BR,8
EC,CA,4
EC,CL,7
EC,CO,4
EC,CU,3
EC,DE,3
EC,ES,52
EC,FR,3
EC,GB,8
EC,HU,2
EC,IT,1
EC,KR,1
EC,MX,5
EC,NL,4
EC,PE,1
EC,PT,2
EC,RU,2
EC,US,24
EE,AU,1
EE,CA,1
EE,CH,2
EE,DE,2
EE,DK,2
EE,ES,1
EE,FI,8
EE,GB,8
EE,NO,1
EE,PT,1
EE,RU,2
EE,SE,3
EE,US,3
EG,AT,2
EG,AU,15
EG,BE,3
EG,CA,39
EG,CH,5
EG,CN,3
EG,CZ,1
EG,DE,22
EG,ES,8
EG,FI,1
EG,FR,8
EG,GB,59
EG,IE,2
EG,IQ,1
EG,IT,8
EG,JO,5
EG,JP,8
EG,KW,8
EG,MY,12
EG,NL,2
EG,NO,1
EG,OM,3
EG,QA,55
EG,RU,3
EG,SA,121
EG,SY,1
EG,US,128
EG,YE,5
ES,AR,27
ES,AT,25
ES,AU,44
ES,BE,36
ES,BO,1
ES,BR,57
ES,CA,47
ES,CD,1
ES,CH,69
ES,CL,71
ES,CM,1
ES,CN,9
ES,CO,112
ES,CR,2
ES,CU,1
ES,CY,3
ES,CZ,12
ES,DE,141
ES,DK,64
ES,DO,3
ES,EC,69
ES,EE,1
ES,EG,4
ES,FI,18
ES,FR,140
ES,GB,501
ES,GR,5
ES,GT,5
ES,HN,1
ES,HR,1
ES,HU,1
ES,IE,35
ES,IL,3
ES,IN,4
ES,IR,1
ES,IT,83
ES,JP,16
ES,KR,4
ES,LV,1
ES,MA,4
ES,MK,1
ES,MX,128
ES,NG,1
ES,NL,58
ES,NO,18
ES,NZ,3
ES,PA,1
ES,PE,19
ES,PK,1
ES,PL,9
ES,PR,5
ES,PS,3
ES,PT,210
ES,RS,1
ES,RU,4
ES,SA,6
ES,SE,78
ES,SG,4
ES,SK,1
ES,TN,2
ES,TR,2
ES,TW,2
ES,UA,1
ES,US,354
ES,UY,3
ES,VE,4
ES,ZA,2
ET,BE,2
ET,CA,7
ET,CN,4
ET,DE,3
ET,DK,5
ET,FI,1
ET,GB,10
ET,IN,1
ET,IT,2
ET,JP,1
ET,KR,4
ET,NL,2
ET,NO,7
ET,PH,1
ET,SE,13
ET,TH,1
ET,US,28
ET,ZA,7
FI,AT,2
FI,AU,7
FI,BD,1
FI,BE,6
FI,CA,5
FI,CH,10
FI,CN,2
FI,CO,1
FI,CZ,1
FI,DE,14
FI,DK,22
FI,EE,1
FI,EG,1
FI,ES,4
FI,ET,1
FI,FR,6
FI,GB,29
FI,HU,1
FI,IT,4
FI,JP,2
FI,MX,1
FI,NL,5
FI,NO,8
FI,NZ,3
FI,PK,1
FI,PL,1
FI,PT,2
FI,RU,2
FI,SE,57
FI,US,37
FI,ZA,1
FJ,AU,9
FJ,JP,2
FJ,NZ,1
FO,DK,1
FR,AF,1
FR,AR,10
FR,AT,26
FR,AU,134
FR,BD,2
FR,BE,65
FR,BF,4
FR,BG,3
FR,BJ,1
FR,BO,2
FR,BR,69
FR,CA,163
FR,CG,2
FR,CH,182
FR,CI,3
FR,CL,16
FR,CM,7
FR,CN,41
FR,CO,42
FR,CR,1
FR,CY,5
FR,CZ,8
FR,DE,120
FR,DK,56
FR,DZ,26
FR,EC,5
FR,EG,9
FR,ES,117
FR,FI,25
FR,GB,373
FR,GR,11
FR,HK,2
FR,HR,2
FR,HT,2
FR,HU,3
FR,ID,3
FR,IE,18
FR,IL,14
FR,IN,7
FR,IQ,1
FR,IR,17
FR,IS,2
FR,IT,86
FR,JO,6
FR,JP,37
FR,KH,2
FR,KR,15
FR,KZ,1
FR,LB,30
FR,LU,18
FR,MA,18
FR,MC,2
FR,MG,2
FR,MU,3
FR,MX,58
FR,MY,22
FR,NE,1
FR,NG,2
FR,NL,33
FR,NO,14
FR,NZ,22
FR,PE,3
FR,PK,21
FR,PT,76
FR,PY,1
FR,RE,6
FR,RO,5
FR,RS,1
FR,RU,4
FR,SE,62
FR,SG,17
FR,SI,1
FR,SY,14
FR,TG,2
FR,TN,39
FR,TR,5
FR,TW,9
FR,UA,3
FR,US,434
FR,UY,2
FR,VE,3
FR,VN,11
FR,ZA,18
GB,AE,48
GB,AR,5
GB,AT,48
GB,AU,876
GB,AZ,1
GB,BA,2
GB,BB,4
GB,BD,27
GB,BE,36
GB,BH,8
GB,BM,2
GB,BN,6
GB,BR,119
GB,CA,217
GB,CH,115
GB,CL,19
GB,CM,4
GB,CN,167
GB,CO,34
GB,CR,1
GB,CY,50
GB,CZ,12
GB,DE,221
GB,DK,116
GB,DZ,10
GB,EC,5
GB,EE,2
GB,EG,46
GB,ES,192
GB,ET,7
GB,FI,40
GB,FR,142
GB,GH,23
GB,GM,3
GB,GR,88
GB,GT,1
GB,HK,56
GB,HR,2
GB,HU,10
GB,ID,6
GB,IE,222
GB,IL,22
GB,IN,58
GB,IQ,35
GB,IR,78
GB,IS,8
GB,IT,138
GB,JM,1
GB,JO,57
GB,JP,57
GB,KE,29
GB,KR,55
GB,KW,14
GB,KZ,4
GB,LB,8
GB,LK,20
GB,LS,3
GB,LU,8
GB,LV,1
GB,LY,5
GB,MK,3
GB,MT,6
GB,MW,7
GB,MX,92
GB,MY,263
GB,NG,34
GB,NL,124
GB,NO,60
GB,NP,6
GB,NZ,179
GB,OM,20
GB,PE,4
GB,PH,2
GB,PK,74
GB,PL,12
GB,PS,6
GB,PT,169
GB,QA,87
GB,RO,4
GB,RS,2
GB,RU,13
GB,SA,122
GB,SD,9
GB,SE,157
GB,SG,94
GB,SI,5
GB,SK,1
GB,SL,1
GB,SO,1
GB,SY,1
GB,TH,46
GB,TR,78
GB,TT,2
GB,TW,83
GB,TZ,11
GB,UG,12
GB,US,1136
GB,UZ,1
GB,VE,2
GB,VN,6
GB,ZA,77
GB,ZM,5
GB,ZW,5
GD,US,6
GE,RU,7
GE,TR,2
GE,US,4
GH,AU,16
GH,BE,2
GH,CA,8
GH,CH,3
GH,CN,9
GH,DE,8
GH,GB,35
GH,IN,1
GH,IT,2
GH,JP,1
GH,KE,3
GH,NG,1
GH,NL,3
GH,RU,1
GH,SE,2
GH,US,31
GH,ZA,15
GM,GB,3
GR,CA,12
GR,CH,30
GR,CN,2
GR,CY,91
GR,CZ,2
GR,DE,51
GR,ES,33
GR,FR,21
GR,GB,331
GR,HU,1
GR,IE,11
GR,IT,27
GR,PT,10
GR,RO,1
GR,SE,42
GR,US,159
GR,ZA,2
GT,CO,1
GT,ES,4
GT,GB,1
GT,MX,6
GT,US,10
GU,US,2
HK,AT,1
HK,AU,18
HK,BE,1
HK,CA,8
HK,CN,62
HK,DE,1
HK,DK,1
HK,FR,1
HK,GB,38
HK,IE,1
HK,IN,1
HK,IT,1
HK,JP,6
HK,MO,2
HK,NL,2
HK,NZ,2
HK,PH,1
HK,PT,2
HK,SE,4
HK,SG,11
HK,TW,4
HK,US,68
HN,CO,1
HN,ES,4
HN,US,8
HR,AT,6
HR,AU,3
HR,BA,3
HR,DE,11
HR,ES,4
HR,FR,2
HR,GB,12
HR,HU,4
HR,IT,2
HR,PT,2
HR,RS,5
HR,SE,3
HR,SI,2
HR,US,20
HT,FR,1
HT,US,2
HU,AT,19
HU,AU,9
HU,BE,3
HU,BR,1
HU,CA,7
HU,CZ,2
HU,DE,27
HU,EC,1
HU,ES,6
HU,FI,7
HU,FR,11
HU,GB,48
HU,GR,1
HU,HR,1
HU,IN,1
HU,IS,1
HU,IT,11
HU,NL,12
HU,PL,1
HU,PT,6
HU,RO,2
HU,RS,3
HU,RU,3
HU,SE,30
HU,SI,1
HU,UA,2
HU,US,50
HU,VN,2
ID,AU,44
ID,BD,1
ID,BE,4
ID,DE,9
ID,FR,4
ID,GB,24
ID,IN,1
ID,IT,2
ID,JP,41
ID,KR,15
ID,MY,41
ID,NL,16
ID,NZ,6
ID,PH,1
ID,SA,9
ID,SE,6
ID,SG,6
ID,TH,3
ID,TW,19
ID,US,24
IE,AT,3
IE,AU,50
IE,BE,3
IE,BR,1
IE,CA,14
IE,CN,4
IE,CO,1
IE,CZ,2
IE,DE,16
IE,DK,11
IE,EG,2
IE,ES,15
IE,FR,11
IE,GB,297
IE,GR,1
IE,HK,1
IE,IN,5
IE,IQ,1
IE,IT,11
IE,JP,4
IE,KR,1
IE,LK,2
IE,LY,1
IE,MY,13
IE,NL,6
IE,NO,5
IE,NZ,11
IE,PT,6
IE,RU,1
IE,SA,2
IE,SE,8
IE,SG,4
IE,TR,1
IE,TW,1
IE,UG,2
IE,US,85
IE,ZA,2
IL,AU,17
IL,CA,17
IL,CH,4
IL,CN,6
IL,CO,1
IL,DE,12
IL,DK,4
IL,ES,3
IL,FR,6
IL,GB,27
IL,IT,3
IL,KR,1
IL,MX,3
IL,NL,7
IL,SE,5
IL,TW,1
IL,US,170
IN,AE,48
IN,AU,238
IN,BD,15
IN,BE,44
IN,BR,19
IN,BT,8
IN,CA,170
IN,CD,1
IN,CH,47
IN,CL,7
IN,CN,50
IN,CZ,16
IN,DE,180
IN,DK,52
IN,ES,37
IN,ET,38
IN,FR,75
IN,GB,389
IN,GH,1
IN,HK,18
IN,HU,5
IN,ID,2
IN,IE,56
IN,IQ,6
IN,IR,26
IN,IT,58
IN,JO,6
IN,JP,84
IN,KR,216
IN,MU,3
IN,MX,21
IN,MY,148
IN,NG,13
IN,NL,63
IN,NO,25
IN,NP,33
IN,NZ,44
IN,PH,5
IN,PL,3
IN,PT,55
IN,QA,70
IN,RU,8
IN,SE,108
IN,SG,163
IN,TW,68
IN,TZ,6
IN,US,2267
IN,UZ,1
IN,YE,3
IN,ZA,55
IQ,BH,2
IQ,CY,1
IQ,DE,3
IQ,EG,1
IQ,FR,1
IQ,GB,49
IQ,IE,3
IQ,IN,1
IQ,JO,14
IQ,MY,37
IQ,SE,7
IQ,TR,6
IQ,US,38
IR,AE,2
IR,AT,14
IR,AU,149
IR,BE,11
IR,CA,148
IR,CH,14
IR,DE,70
IR,DK,33
IR,ES,22
IR,FR,14
IR,GB,93
IR,IN,6
IR,IT,30
IR,JP,4
IR,KR,12
IR,MY,64
IR,NL,21
IR,NO,15
IR,NZ,21
IR,PK,1
IR,RU,1
IR,SE,55
IR,SG,12
IR,TR,54
IR,US,434
IR,ZA,3
IS,AT,1
IS,AU,1
IS,CA,1
IS,DK,6
IS,FR,1
IS,GB,5
IS,HU,1
IS,IT,1
IS,NL,1
IS,NO,3
IS,SE,12
IS,US,10
IT,AL,4
IT,AR,9
IT,AT,74
IT,AU,72
IT,BA,1
IT,BD,1
IT,BE,75
IT,BG,2
IT,BR,46
IT,CA,49
IT,CH,199
IT,CL,10
IT,CN,24
IT,CO,13
IT,CY,2
IT,CZ,12
IT,DE,223
IT,DK,111
IT,EC,5
IT,EG,5
IT,ES,242
IT,ET,1
IT,FI,29
IT,FR,211
IT,GB,665
IT,GH,1
IT,GR,9
IT,HK,5
IT,HR,4
IT,HU,5
IT,ID,2
IT,IE,37
IT,IL,8
IT,IN,8
IT,IR,4
IT,IS,1
IT,JO,4
IT,JP,10
IT,KR,2
IT,KZ,1
IT,LB,2
IT,LU,9
IT,MT,3
IT,MX,10
IT,MY,6
IT,NL,86
IT,NZ,8
IT,PE,3
IT,PH,1
IT,PK,2
IT,PL,8
IT,PT,98
IT,RO,3
IT,RU,7
IT,SE,108
IT,SG,9
IT,SI,3
IT,SK,1
IT,SL,1
IT,TR,4
IT,UA,6
IT,US,384
IT,VE,2
JM,GB,3
JM,US,11
JO,AE,29
JO,AU,11
JO,BE,1
JO,CA,8
JO,DE,7
JO,EG,1
JO,FR,2
JO,GB,22
JO,IN,1
JO,IQ,3
JO,IT,4
JO,JP,1
JO,KW,6
JO,MY,16
JO,NL,2
JO,PK,1
JO,PS,11
JO,SA,52
JO,SE,2
JO,TR,1
JO,US,49
JP,AR,2
JP,AT,6
JP,AU,44
JP,BD,27
JP,BE,2
JP,BR,9
JP,CA,16
JP,CD,1
JP,CH,13
JP,CL,2
JP,CN,119
JP,CO,3
JP,CZ,1
JP,DE,35
JP,DK,9
JP,EG,21
JP,ES,8
JP,ET,1
JP,FI,5
JP,FJ,1
JP,FR,16
JP,GB,66
JP,GH,3
JP,HK,4
JP,ID,27
JP,IE,4
JP,IN,14
JP,IR,17
JP,IT,5
JP,JO,1
JP,KE,1
JP,KH,1
JP,KR,124
JP,LK,4
JP,MM,2
JP,MN,2
JP,MX,8
JP,MY,64
JP,NG,1
JP,NL,5
JP,NP,3
JP,NZ,8
JP,PE,1
JP,PH,12
JP,PK,8
JP,PL,3
JP,PT,3
JP,PY,1
JP,RU,3
JP,SA,16
JP,SD,1
JP,SE,20
JP,SG,17
JP,TH,21
JP,TN,1
JP,TR,4
JP,TW,29
JP,TZ,1
JP,US,275
JP,VN,6
JP,ZA,2
KE,AU,7
KE,BW,3
KE,CA,2
KE,CH,1
KE,CN,8
KE,DE,5
KE,GB,14
KE,GH,4
KE,JP,2
KE,NL,3
KE,SE,4
KE,SO,5
KE,TW,1
KE,TZ,4
KE,UG,3
KE,US,26
KE,ZA,13
KG,KZ,2
KG,RU,3
KH,FR,2
KH,JP,2
KN,US,5
KR,AT,7
KR,AU,33
KR,BD,11
KR,BE,3
KR,BR,1
KR,CA,34
KR,CH,10
KR,CN,34
KR,DE,27
KR,EC,1
KR,ES,10
KR,ET,1
KR,FR,9
KR,GB,55
KR,ID,2
KR,IE,5
KR,IL,3
KR,IN,10
KR,IR,1
KR,IT,2
KR,JP,36
KR,KZ,1
KR,MN,3
KR,MY,2
KR,NL,2
KR,NP,1
KR,NZ,5
KR,PH,4
KR,PK,10
KR,PT,2
KR,RU,1
KR,SA,16
KR,SE,5
KR,SG,18
KR,TR,3
KR,TW,1
KR,US,657
KR,VN,5
KR,ZA,2
KW,AU,2
KW,CA,2
KW,EG,1
KW,GB,1
KW,JO,3
KW,NG,1
KW,QA,3
KW,US,6
KY,US,1
KZ,AU,1
KZ,CA,1
KZ,CN,1
KZ,DE,1
KZ,FR,2
KZ,GB,8
KZ,IT,3
KZ,KG,2
KZ,KR,1
KZ,RU,21
KZ,UA,3
KZ,US,3
LB,AE,5
LB,AU,3
LB,BE,7
LB,CA,11
LB,DE,4
LB,DK,1
LB,FR,27
LB,GB,13
LB,IT,6
LB,SA,11
LB,US,63
LK,AU,72
LK,BE,1
LK,DE,1
LK,GB,31
LK,IE,1
LK,JP,6
LK,NZ,9
LK,SE,2
LK,SG,3
LK,US,46
LR,US,1
LS,GB,1
LS,ZA,11
LT,NO,2
LT,RU,4
LT,SE,9
LT,US,8
LU,AT,1
LU,DE,1
LU,FR,1
LU,GB,1
LU,IT,2
LU,MX,1
LU,NL,1
LU,PT,1
LV,CH,1
LV,DE,4
LV,DK,1
LV,ES,2
LV,GB,8
LV,RU,6
LV,UA,1
LV,US,4
LY,GB,10
LY,IE,1
LY,MY,8
LY,SE,1
LY,US,5
MA,BE,2
MA,CA,1
MA,ES,5
MA,FR,8
MA,SA,5
MA,TN,2
MA,US,4
MC,FR,1
MD,RO,1
MD,RU,3
MG,FR,4
MG,RE,1
MG,US,1
MK,BE,1
MK,ES,2
MK,GB,1
MK,SI,2
MK,TR,3
MK,US,1
ML,US,1
MM,AU,6
MM,JP,2
MM,TH,5
MN,JP,2
MN,KR,5
MN,RU,1
MN,US,1
MO,CN,2
MO,HK,2
MO,PT,1
MO,US,2
MT,DE,3
MT,GB,16
MT,IT,2
MT,US,3
MU,FR,1
MU,IN,1
MW,GB,8
MW,US,2
MW,ZA,8
MX,AR,6
MX,AT,2
MX,AU,20
MX,BE,6
MX,BR,13
MX,CA,26
MX,CH,4
MX,CL,9
MX,CO,33
MX,CR,5
MX,CZ,1
MX,DE,30
MX,EC,14
MX,ES,123
MX,FI,2
MX,FR,18
MX,GB,86
MX,GT,3
MX,IL,2
MX,IN,2
MX,IT,12
MX,JP,10
MX,LU,1
MX,NI,2
MX,NL,13
MX,PA,1
MX,PE,3
MX,PL,2
MX,PR,1
MX,PT,6
MX,RU,2
MX,SE,13
MX,SV,1
MX,US,184
MX,VE,1
MY,AE,10
MY,AU,59
MY,BD,3
MY,BE,1
MY,CA,6
MY,CN,7
MY,DE,5
MY,DK,2
MY,DZ,2
MY,EG,1
MY,FR,1
MY,GB,35
MY,ID,25
MY,IE,2
MY,IN,4
MY,IQ,7
MY,IR,36
MY,IT,2
MY,JO,7
MY,JP,8
MY,KR,6
MY,LY,2
MY,NG,7
MY,NL,2
MY,NZ,20
MY,PK,12
MY,PS,2
MY,SA,32
MY,SD,1
MY,SE,6
MY,SG,11
MY,SO,1
MY,TH,3
MY,TW,2
MY,US,18
MY,YE,4
MY,ZA,2
MZ,BR,2
MZ,PT,11
MZ,ZA,2
NE,BF,1
NE,FR,1
NG,AE,1
NG,CA,19
NG,CM,5
NG,CN,2
NG,DE,5
NG,ES,2
NG,FR,2
NG,GB,106
NG,GH,4
NG,IN,5
NG,JP,2
NG,KW,1
NG,MY,48
NG,NL,2
NG,RU,1
NG,TR,4
NG,UG,2
NG,US,89
NG,ZA,92
NI,MX,3
NI,US,3
NL,AT,20
NL,AU,75
NL,BD,1
NL,BE,50
NL,BR,13
NL,BT,1
NL,CA,18
NL,CH,38
NL,CL,3
NL,CN,21
NL,CO,3
NL,CR,3
NL,CZ,4
NL,DE,120
NL,DK,55
NL,EC,2
NL,EG,5
NL,ES,32
NL,ET,4
NL,FI,12
NL,FR,36
NL,GB,266
NL,GH,5
NL,HK,2
NL,HU,3
NL,ID,9
NL,IE,9
NL,IL,3
NL,IN,11
NL,IR,4
NL,IS,2
NL,IT,44
NL,JO,2
NL,JP,9
NL,KE,5
NL,KR,2
NL,LU,3
NL,MX,12
NL,MY,6
NL,NG,3
NL,NO,25
NL,NZ,11
NL,PH,1
NL,PK,7
NL,PL,2
NL,PT,23
NL,RU,4
NL,SE,60
NL,SG,8
NL,SI,1
NL,TR,8
NL,TW,3
NL,TZ,2
NL,UA,1
NL,US,190
NL,VN,2
NL,ZA,12
NL,ZW,2
NO,AT,3
NO,AU,7
NO,BD,2
NO,BE,1
NO,CA,4
NO,CH,2
NO,CN,2
NO,CO,2
NO,DE,4
NO,DK,15
NO,EE,2
NO,EG,2
NO,ES,3
NO,ET,3
NO,FI,4
NO,FR,5
NO,GB,19
NO,IE,1
NO,IN,3
NO,IR,3
NO,IS,2
NO,LT,1
NO,NL,1
NO,NP,2
NO,PK,2
NO,PL,1
NO,PT,1
NO,RU,1
NO,SE,27
NO,UG,3
NO,US,17
NO,ZA,3
NP,AU,14
NP,CN,14
NP,DE,7
NP,DK,7
NP,GB,7
NP,IN,11
NP,JP,7
NP,KR,23
NP,NO,2
NP,PK,1
NP,TH,3
NP,TR,1
NP,US,49
NZ,AR,1
NZ,AT,1
NZ,AU,259
NZ,BR,2
NZ,CA,12
NZ,CH,5
NZ,CL,3
NZ,CN,2
NZ,DE,10
NZ,DK,4
NZ,ES,4
NZ,FI,1
NZ,FJ,3
NZ,FR,6
NZ,GB,104
NZ,HK,1
NZ,ID,1
NZ,IE,3
NZ,IN,2
NZ,IR,1
NZ,IT,2
NZ,JP,8
NZ,KR,4
NZ,LK,1
NZ,MY,13
NZ,NL,1
NZ,PG,1
NZ,RU,1
NZ,SE,9
NZ,SG,6
NZ,TH,3
NZ,TW,2
NZ,US,78
NZ,VN,1
OM,AE,1
OM,AU,3
OM,EG,1
OM,GB,5
OM,PK,1
OM,SA,1
OM,US,1
PA,CA,1
PA,CO,2
PA,ES,8
PA,MX,1
PA,US,6
PE,AR,4
PE,BE,1
PE,BR,67
PE,CL,11
PE,CO,3
PE,CR,1
PE,CU,1
PE,DE,4
PE,EC,1
PE,ES,46
PE,FR,7
PE,GB,3
PE,IT,1
PE,JP,2
PE,MX,8
PE,PT,2
PE,US,47
PG,AU,4
PG,NZ,1
PH,AU,29
PH,BE,2
PH,CA,9
PH,CN,2
PH,ET,3
PH,GB,11
PH,HK,2
PH,ID,4
PH,IN,2
PH,IT,1
PH,JP,21
PH,KR,14
PH,NL,4
PH,SG,14
PH,TH,2
PH,US,58
PK,AF,4
PK,AT,6
PK,AU,58
PK,BD,1
PK,BR,1
PK,CA,20
PK,CN,94
PK,DE,27
PK,DK,7
PK,ES,5
PK,FI,10
PK,FR,5
PK,GB,76
PK,IR,5
PK,IT,18
PK,JO,1
PK,JP,5
PK,KR,57
PK,MY,58
PK,NL,5
PK,NO,1
PK,NP,2
PK,OM,7
PK,PT,4
PK,RU,3
PK,SE,17
PK,TH,5
PK,TR,18
PK,US,115
PL,AT,13
PL,AU,20
PL,BR,3
PL,CA,11
PL,CH,15
PL,CZ,6
PL,DE,37
PL,ES,20
PL,FI,5
PL,GB,109
PL,HU,3
PL,IN,1
PL,IT,10
PL,JP,2
PL,MX,6
PL,NL,8
PL,NO,7
PL,PT,16
PL,RU,1
PL,SE,37
PL,SJ,1
PL,TW,2
PL,UA,1
PL,US,95
PL,VN,4
PR,CA,1
PR,CO,5
PR,ES,6
PR,MX,1
PR,US,85
PS,AU,1
PS,CA,3
PS,DE,2
PS,ES,2
PS,GB,4
PS,JO,3
PS,MY,6
PS,SA,5
PS,TR,3
PS,US,8
PT,AO,3
PT,AR,1
PT,AT,13
PT,AU,16
PT,BE,21
PT,BG,1
PT,BR,77
PT,CA,16
PT,CD,1
PT,CH,19
PT,CL,1
PT,CN,3
PT,CO,1
PT,CV,2
PT,CZ,3
PT,DE,55
PT,DK,27
PT,EC,1
PT,EE,1
PT,ES,108
PT,FI,14
PT,FR,42
PT,GB,253
PT,GR,2
PT,HK,1
PT,HR,1
PT,HU,3
PT,IE,13
PT,IN,3
PT,IT,18
PT,JP,2
PT,KR,2
PT,LU,1
PT,MO,4
PT,MX,2
PT,MZ,3
PT,NL,42
PT,NO,6
PT,PE,2
PT,PK,1
PT,PL,2
PT,RO,3
PT,SE,47
PT,SI,1
PT,TW,1
PT,US,99
PT,ZA,4
PY,BR,5
PY,DE,1
PY,FR,1
PY,JP,1
PY,US,2
QA,BE,1
QA,CA,1
QA,EG,1
QA,GB,2
QA,IN,1
QA,KW,1
QA,US,7
RE,FR,2
RE,MG,1
RO,AT,14
RO,CN,1
RO,CO,1
RO,DE,16
RO,FR,33
RO,GB,64
RO,GR,2
RO,HU,18
RO,IT,10
RO,MD,2
RO,PT,19
RO,US,62
RS,BA,2
RS,DE,10
RS,ES,6
RS,FR,6
RS,GB,27
RS,HR,1
RS,HU,4
RS,SE,4
RS,US,34
RU,AM,1
RU,AT,24
RU,AZ,7
RU,BD,2
RU,BE,11
RU,BR,12
RU,BY,10
RU,CA,32
RU,CH,32
RU,CU,2
RU,CZ,7
RU,DE,120
RU,EC,3
RU,EE,7
RU,EG,5
RU,ES,32
RU,FI,39
RU,FR,43
RU,GB,111
RU,GE,9
RU,GH,1
RU,HU,6
RU,IE,12
RU,IN,6
RU,IR,3
RU,IT,24
RU,JP,8
RU,KG,2
RU,KR,12
RU,KZ,31
RU,LT,5
RU,LV,6
RU,MD,1
RU,MN,2
RU,MX,23
RU,NG,3
RU,NL,33
RU,NO,16
RU,NZ,3
RU,PK,2
RU,PL,6
RU,SE,81
RU,SK,2
RU,TJ,1
RU,TR,2
RU,UA,143
RU,US,327
RU,UZ,7
RW,BE,2
RW,CA,2
RW,CN,3
RW,SN,1
RW,ZA,1
SA,AE,1
SA,AU,5
SA,BD,1
SA,BH,4
SA,CA,9
SA,EG,2
SA,ES,2
SA,GB,7
SA,ID,1
SA,IE,3
SA,JO,2
SA,JP,1
SA,KR,1
SA,LB,2
SA,MA,1
SA,MY,5
SA,OM,1
SA,PS,1
SA,SD,1
SA,SE,1
SA,TR,1
SA,TW,1
SA,US,33
SA,ZA,1
SD,CN,7
SD,GB,13
SD,JP,1
SD,MY,6
SD,SA,50
SD,SE,4
SD,SS,1
SD,US,10
SD,ZA,5
SE,AE,2
SE,AR,1
SE,AT,8
SE,AU,27
SE,BD,5
SE,BE,8
SE,BO,1
SE,BR,6
SE,CA,11
SE,CH,13
SE,CL,1
SE,CM,1
SE,CN,14
SE,CO,2
SE,CY,1
SE,CZ,3
SE,DE,28
SE,DK,73
SE,EE,1
SE,ES,16
SE,ET,2
SE,FI,19
SE,FR,24
SE,GB,74
SE,GH,2
SE,GR,3
SE,HK,2
SE,HR,1
SE,HU,1
SE,ID,2
SE,IE,2
SE,IL,1
SE,IN,10
SE,IQ,1
SE,IR,9
SE,IS,8
SE,IT,11
SE,JO,1
SE,JP,6
SE,KE,2
SE,KR,2
SE,LK,1
SE,LT,1
SE,LY,2
SE,MX,3
SE,MY,6
SE,NL,19
SE,NO,47
SE,NZ,3
SE,PK,12
SE,PL,4
SE,PT,16
SE,RS,1
SE,RU,4
SE,SA,3
SE,SD,1
SE,SG,2
SE,TH,3
SE,TR,2
SE,TW,2
SE,UA,1
SE,UG,2
SE,US,118
SE,VN,1
SE,ZA,1
SE,ZW,1
SG,AT,2
SG,AU,51
SG,BD,2
SG,CA,8
SG,CH,2
SG,CN,40
SG,DE,8
SG,DK,7
SG,ES,2
SG,FR,6
SG,GB,32
SG,HK,7
SG,ID,2
SG,IE,2
SG,IN,8
SG,IR,1
SG,IT,2
SG,JP,4
SG,KR,5
SG,LK,1
SG,MY,6
SG,NL,2
SG,NZ,13
SG,PH,1
SG,SE,4
SG,TH,2
SG,TW,7
SG,US,66
SG,VN,2
SI,AT,9
SI,DE,1
SI,FR,2
SI,GB,17
SI,HR,2
SI,HU,1
SI,IT,2
SI,MK,1
SI,NL,2
SI,PT,1
SI,US,5
SJ,PL,1
SK,AT,7
SK,CZ,33
SK,DE,5
SK,ES,2
SK,GB,10
SK,IT,3
SK,RU,1
SK,US,5
SL,AU,1
SL,CN,1
SL,GB,3
SL,IT,1
SL,US,3
SN,RW,2
SN,US,2
SO,GB,1
SO,KE,2
SO,MY,1
SS,SD,2
SV,MX,2
SV,US,2
SX,US,4
SY,EG,1
SY,FR,6
SY,GB,21
SY,US,30
SZ,ZA,4
SZ,ZW,1
TG,BF,1
TG,CI,1
TG,FR,2
TH,AU,16
TH,BD,2
TH,CA,3
TH,CN,1
TH,DE,1
TH,DK,2
TH,ET,1
TH,GB,14
TH,ID,1
TH,JP,10
TH,MM,1
TH,MY,4
TH,NP,3
TH,NZ,2
TH,PH,1
TH,PK,5
TH,SE,7
TH,SG,1
TH,TW,2
TH,US,29
TH,VN,6
TJ,RU,3
TN,CA,8
TN,DE,1
TN,ES,2
TN,FR,20
TN,JP,1
TN,MA,1
TN,US,5
TR,AT,4
TR,AU,18
TR,AZ,1
TR,BA,3
TR,BE,5
TR,CA,19
TR,CY,16
TR,DE,39
TR,DK,12
TR,ES,21
TR,FR,14
TR,GB,87
TR,GE,1
TR,IE,3
TR,IQ,1
TR,IR,7
TR,IT,11
TR,JO,2
TR,JP,3
TR,KR,1
TR,MK,1
TR,NG,2
TR,NL,22
TR,NP,1
TR,PK,1
TR,PS,2
TR,RU,4
TR,SA,9
TR,SE,20
TR,US,247
TT,CA,1
TT,GB,9
TT,US,6
TW,AU,19
TW,BE,3
TW,BG,1
TW,CA,8
TW,CN,28
TW,CZ,1
TW,DE,10
TW,ES,3
TW,FR,3
TW,GB,28
TW,HK,8
TW,ID,1
TW,IE,2
TW,IL,2
TW,IN,7
TW,JP,21
TW,KE,1
TW,KR,2
TW,MY,5
TW,NL,3
TW,NZ,3
TW,PL,1
TW,PT,1
TW,SA,2
TW,SE,8
TW,SG,20
TW,TH,2
TW,US,292
TW,VN,3
TZ,AU,1
TZ,BE,1
TZ,DK,1
TZ,GB,4
TZ,IN,1
TZ,JP,1
TZ,KE,2
TZ,NL,1
TZ,UG,3
TZ,US,4
TZ,ZA,1
UA,AT,6
UA,BY,4
UA,DE,31
UA,ES,7
UA,FR,10
UA,HU,5
UA,IT,6
UA,KZ,3
UA,LV,1
UA,NL,8
UA,PL,19
UA,RU,165
UA,SE,12
UA,US,61
UG,AU,3
UG,BE,2
UG,CM,1
UG,CN,6
UG,DE,1
UG,GB,11
UG,IE,1
UG,KE,8
UG,NG,1
UG,NO,1
UG,SE,4
UG,TZ,5
UG,US,10
UG,ZA,12
US,AE,91
US,AF,2
US,AL,2
US,AR,26
US,AT,54
US,AU,583
US,AZ,1
US,BA,1
US,BD,13
US,BE,38
US,BF,1
US,BG,2
US,BH,4
US,BO,2
US,BR,213
US,BS,1
US,BW,6
US,CA,716
US,CH,174
US,CL,68
US,CM,1
US,CN,408
US,CO,116
US,CR,14
US,CY,53
US,CZ,18
US,DE,291
US,DK,107
US,DO,4
US,DZ,4
US,EC,29
US,EE,2
US,EG,43
US,ES,207
US,ET,5
US,FI,35
US,FR,152
US,GB,971
US,GD,4
US,GE,1
US,GH,8
US,GR,39
US,GT,5
US,GU,1
US,HK,81
US,HN,2
US,HR,3
US,HT,1
US,HU,12
US,ID,25
US,IE,78
US,IL,100
US,IN,167
US,IQ,6
US,IR,40
US,IS,16
US,IT,210
US,JM,6
US,JO,73
US,JP,167
US,KE,24
US,KN,1
US,KR,765
US,KW,32
US,KY,1
US,KZ,7
US,LB,29
US,LK,10
US,LR,1
US,LT,3
US,LV,2
US,LY,3
US,MA,1
US,MG,1
US,MK,1
US,ML,1
US,MN,2
US,MO,5
US,MT,1
US,MW,3
US,MX,212
US,MY,133
US,NG,13
US,NI,1
US,NL,114
US,NO,42
US,NP,6
US,NZ,137
US,OM,7
US,PA,10
US,PE,18
US,PH,13
US,PK,29
US,PL,12
US,PR,35
US,PS,15
US,PT,89
US,PY,1
US,QA,126
US,RO,6
US,RS,6
US,RU,29
US,SA,121
US,SD,2
US,SE,169
US,SG,143
US,SI,7
US,SK,2
US,SL,2
US,SN,2
US,SV,3
US,SX,3
US,SY,1
US,TH,97
US,TN,6
US,TR,187
US,TT,3
US,TW,675
US,TZ,3
US,UA,3
US,UG,10
US,UY,5
US,VC,1
US,VE,8
US,VI,1
US,VN,11
US,ZA,67
US,ZM,3
US,ZW,1
UY,AR,2
UY,CL,1
UY,CO,2
UY,ES,11
UY,FR,2
UY,US,9
UZ,GB,2
UZ,IN,1
UZ,RU,19
VC,US,1
VE,BR,14
VE,CA,10
VE,CO,40
VE,DE,7
VE,ES,80
VE,FR,9
VE,GB,15
VE,IT,3
VE,MX,13
VE,US,53
VI,US,1
VN,AT,4
VN,AU,59
VN,BE,9
VN,CA,8
VN,DE,7
VN,FR,10
VN,GB,10
VN,HU,1
VN,JP,16
VN,KR,37
VN,NL,2
VN,NZ,4
VN,PL,1
VN,SE,1
VN,SG,10
VN,TH,5
VN,TW,7
VN,US,46
YE,CN,2
YE,DE,2
YE,EG,2
YE,IN,3
YE,MY,10
ZA,AT,1
ZA,AU,78
ZA,BW,9
ZA,CA,18
ZA,CH,4
ZA,CN,2
ZA,CZ,3
ZA,DE,9
ZA,DK,3
ZA,ES,1
ZA,ET,6
ZA,FI,4
ZA,FR,2
ZA,GB,84
ZA,GH,8
ZA,GR,1
ZA,IE,2
ZA,IN,2
ZA,IR,1
ZA,JP,3
ZA,KE,13
ZA,KR,2
ZA,LS,2
ZA,MW,1
ZA,MY,2
ZA,MZ,2
ZA,NG,3
ZA,NL,4
ZA,NO,3
ZA,PT,6
ZA,RW,2
ZA,SA,4
ZA,SD,3
ZA,SE,11
ZA,SZ,3
ZA,TZ,5
ZA,UG,10
ZA,US,77
ZA,ZM,3
ZA,ZW,13
ZM,BW,2
ZM,GB,3
ZM,US,2
ZM,ZA,7
ZW,BW,6
ZW,GB,15
ZW,NL,1
ZW,SE,1
ZW,SZ,1
ZW,US,7
ZW,ZA,74
